Workbook

Sheet Production Summary
A1: Microgreen | B1: Trays to Sow | C1: Actual Trays Needed | D1: Estimated Prod Cost | E1: Start Date | G1: Harvest Day: | H1: 46015 | I1: Tray Delta | J1: Leftover Oz | K1: Extra Containers
A2: Arugula | B2: =CEILING( ( SUMIF('One-Time Orders'!B:B, A2, 'One-Time Orders'!C:C) + SUMIF(Subscriptions!B:B, A2, Subscriptions!C:C) + SUMIF('Farmers Market 2'!A:A, A2, 'Farmers Market 2'!B:B) + SUMIF('Farmers Market 1'!A:A, A2, 'Farmers Market 1'!B:B) + SUMPRODUCT( ('Mix Lookup'!$B$2:$B$21 = A2) * ('Mix Lookup'!$C$2:$C$21) * ( IFERROR(VLOOKUP('Mix Lookup'!$A$2:$A$21, 'Farmers Market 2'!$A$2:$B$98, 2, FALSE), 0) + IFERROR(VLOOKUP('Mix Lookup'!$A$2:$A$21, 'Farmers Market 1'!$A$2:$B$102, 2, FALSE), 0) ) ) ) / VLOOKUP(A2, 'Info Master'!A:B, 2, FALSE), 1 ) + SUMIF(Restaraunts!B:B, A2, Restaraunts!C:C) -> 0 | C2: =( ( SUMIF('One-Time Orders'!B:B, A2, 'One-Time Orders'!C:C) + SUMIF(Subscriptions!B:B, A2, Subscriptions!C:C) + SUMIF('Farmers Market 2'!A:A, A2, 'Farmers Market 2'!B:B) + SUMIF('Farmers Market 1'!A:A, A2, 'Farmers Market 1'!B:B) + SUMPRODUCT( ('Mix Lookup'!$B$2:$B$94 = A2) * ('Mix Lookup'!$C$2:$C$94) * ( IFERROR(VLOOKUP('Mix Lookup'!$A$2:$A$94, 'Farmers Market 2'!$A$2:$B$98, 2, FALSE), 0) + IFERROR(VLOOKUP('Mix Lookup'!$A$2:$A$94, 'Farmers Market 1'!$A$2:$B$102, 2, FALSE), 0) ) ) ) / VLOOKUP(A2, 'Info Master'!A:B, 2, FALSE) ) + SUMIF(Restaraunts!B:B, A2, Restaraunts!C:C) -> 0 | D2: =VLOOKUP(A2,'Info Master'!$A$2:$E$17,5,false)*B2 -> 0 | E2: =IF(B2=0,"", $H$1-VLOOKUP(A2,'Info Master'!A2:F17,6,false)) | F2: =Text(E2,"ddddddddd") | I2: =max(0,B2-C2) -> 0 | J2: =MAX(0,I2 * VLOOKUP($A2, 'Info Master'!$A:$B, 2, FALSE)) -> 0 | K2: =FLOOR(J2 / 2, 1) -> 0
A3: Amaranth | B3: =CEILING( ( SUMIF('One-Time Orders'!B:B, A3, 'One-Time Orders'!C:C) + SUMIF(Subscriptions!B:B, A3, Subscriptions!C:C) + SUMIF('Farmers Market 2'!A:A, A3, 'Farmers Market 2'!B:B) + SUMIF('Farmers Market 1'!A:A, A3, 'Farmers Market 1'!B:B) + SUMPRODUCT( ('Mix Lookup'!$B$2:$B$21 = A3) * ('Mix Lookup'!$C$2:$C$21) * ( IFERROR(VLOOKUP('Mix Lookup'!$A$2:$A$21, 'Farmers Market 2'!$A$2:$B$98, 2, FALSE), 0) + IFERROR(VLOOKUP('Mix Lookup'!$A$2:$A$21, 'Farmers Market 1'!$A$2:$B$102, 2, FALSE), 0) ) ) ) / VLOOKUP(A3, 'Info Master'!A:B, 2, FALSE), 1 ) + SUMIF(Restaraunts!B:B, A3, Restaraunts!C:C) -> 0 | C3: =( ( SUMIF('One-Time Orders'!B:B, A3, 'One-Time Orders'!C:C) + SUMIF(Subscriptions!B:B, A3, Subscriptions!C:C) + SUMIF('Farmers Market 2'!A:A, A3, 'Farmers Market 2'!B:B) + SUMIF('Farmers Market 1'!A:A, A3, 'Farmers Market 1'!B:B) + SUMPRODUCT( ('Mix Lookup'!$B$2:$B$94 = A3) * ('Mix Lookup'!$C$2:$C$94) * ( IFERROR(VLOOKUP('Mix Lookup'!$A$2:$A$94, 'Farmers Market 2'!$A$2:$B$98, 2, FALSE), 0) + IFERROR(VLOOKUP('Mix Lookup'!$A$2:$A$94, 'Farmers Market 1'!$A$2:$B$102, 2, FALSE), 0) ) ) ) / VLOOKUP(A3, 'Info Master'!A:B, 2, FALSE) ) + SUMIF(Restaraunts!B:B, A3, Restaraunts!C:C) -> 0 | D3: =VLOOKUP(A3,'Info Master'!$A$2:$E$17,5,false)*B3 -> 0 | E3: =IF(B3=0,"", $H$1-VLOOKUP(A3,'Info Master'!A3:F21,6,false)) | F3: =Text(E3,"ddddddddd") | I3: =max(0,B3-C3) -> 0 | J3: =MAX(0,I3 * VLOOKUP($A3, 'Info Master'!$A:$B, 2, FALSE)) -> 0 | K3: =FLOOR(J3 / 2, 1) -> 0
A4: Basil | B4: =CEILING( ( SUMIF('One-Time Orders'!B:B, A4, 'One-Time Orders'!C:C) + SUMIF(Subscriptions!B:B, A4, Subscriptions!C:C) + SUMIF('Farmers Market 2'!A:A, A4, 'Farmers Market 2'!B:B) + SUMIF('Farmers Market 1'!A:A, A4, 'Farmers Market 1'!B:B) + SUMPRODUCT( ('Mix Lookup'!$B$2:$B$21 = A4) * ('Mix Lookup'!$C$2:$C$21) * ( IFERROR(VLOOKUP('Mix Lookup'!$A$2:$A$21, 'Farmers Market 2'!$A$2:$B$98, 2, FALSE), 0) + IFERROR(VLOOKUP('Mix Lookup'!$A$2:$A$21, 'Farmers Market 1'!$A$2:$B$102, 2, FALSE), 0) ) ) ) / VLOOKUP(A4, 'Info Master'!A:B, 2, FALSE), 1 ) + SUMIF(Restaraunts!B:B, A4, Restaraunts!C:C) -> 0 | C4: =( ( SUMIF('One-Time Orders'!B:B, A4, 'One-Time Orders'!C:C) + SUMIF(Subscriptions!B:B, A4, Subscriptions!C:C) + SUMIF('Farmers Market 2'!A:A, A4, 'Farmers Market 2'!B:B) + SUMIF('Farmers Market 1'!A:A, A4, 'Farmers Market 1'!B:B) + SUMPRODUCT( ('Mix Lookup'!$B$2:$B$94 = A4) * ('Mix Lookup'!$C$2:$C$94) * ( IFERROR(VLOOKUP('Mix Lookup'!$A$2:$A$94, 'Farmers Market 2'!$A$2:$B$98, 2, FALSE), 0) + IFERROR(VLOOKUP('Mix Lookup'!$A$2:$A$94, 'Farmers Market 1'!$A$2:$B$102, 2, FALSE), 0) ) ) ) / VLOOKUP(A4, 'Info Master'!A:B, 2, FALSE) ) + SUMIF(Restaraunts!B:B, A4, Restaraunts!C:C) -> 0 | D4: =VLOOKUP(A4,'Info Master'!$A$2:$E$17,5,false)*B4 -> 0 | E4: =IF(B4=0,"", $H$1-VLOOKUP(A4,'Info Master'!A4:F21,6,false)) | F4: =Text(E4,"ddddddddd") | I4: =max(0,B4-C4) -> 0 | J4: =MAX(0,I4 * VLOOKUP($A4, 'Info Master'!$A:$B, 2, FALSE)) -> 0 | K4: =FLOOR(J4 / 2, 1) -> 0
A5: Beet | B5: =CEILING( ( SUMIF('One-Time Orders'!B:B, A5, 'One-Time Orders'!C:C) + SUMIF(Subscriptions!B:B, A5, Subscriptions!C:C) + SUMIF('Farmers Market 2'!A:A, A5, 'Farmers Market 2'!B:B) + SUMIF('Farmers Market 1'!A:A, A5, 'Farmers Market 1'!B:B) + SUMPRODUCT( ('Mix Lookup'!$B$2:$B$21 = A5) * ('Mix Lookup'!$C$2:$C$21) * ( IFERROR(VLOOKUP('Mix Lookup'!$A$2:$A$21, 'Farmers Market 2'!$A$2:$B$98, 2, FALSE), 0) + IFERROR(VLOOKUP('Mix Lookup'!$A$2:$A$21, 'Farmers Market 1'!$A$2:$B$102, 2, FALSE), 0) ) ) ) / VLOOKUP(A5, 'Info Master'!A:B, 2, FALSE), 1 ) + SUMIF(Restaraunts!B:B, A5, Restaraunts!C:C) -> 0 | C5: =( ( SUMIF('One-Time Orders'!B:B, A5, 'One-Time Orders'!C:C) + SUMIF(Subscriptions!B:B, A5, Subscriptions!C:C) + SUMIF('Farmers Market 2'!A:A, A5, 'Farmers Market 2'!B:B) + SUMIF('Farmers Market 1'!A:A, A5, 'Farmers Market 1'!B:B) + SUMPRODUCT( ('Mix Lookup'!$B$2:$B$94 = A5) * ('Mix Lookup'!$C$2:$C$94) * ( IFERROR(VLOOKUP('Mix Lookup'!$A$2:$A$94, 'Farmers Market 2'!$A$2:$B$98, 2, FALSE), 0) + IFERROR(VLOOKUP('Mix Lookup'!$A$2:$A$94, 'Farmers Market 1'!$A$2:$B$102, 2, FALSE), 0) ) ) ) / VLOOKUP(A5, 'Info Master'!A:B, 2, FALSE) ) + SUMIF(Restaraunts!B:B, A5, Restaraunts!C:C) -> 0 | D5: =VLOOKUP(A5,'Info Master'!$A$2:$E$17,5,false)*B5 -> 0 | E5: =IF(B5=0,"", $H$1-VLOOKUP(A5,'Info Master'!A5:F21,6,false)) | F5: =Text(E5,"ddddddddd") | I5: =max(0,B5-C5) -> 0 | J5: =MAX(0,I5 * VLOOKUP($A5, 'Info Master'!$A:$B, 2, FALSE)) -> 0 | K5: =FLOOR(J5 / 2, 1) -> 0
A6: Broccoli | B6: =CEILING( ( SUMIF('One-Time Orders'!B:B, A6, 'One-Time Orders'!C:C) + SUMIF(Subscriptions!B:B, A6, Subscriptions!C:C) + SUMIF('Farmers Market 2'!A:A, A6, 'Farmers Market 2'!B:B) + SUMIF('Farmers Market 1'!A:A, A6, 'Farmers Market 1'!B:B) + SUMPRODUCT( ('Mix Lookup'!$B$2:$B$21 = A6) * ('Mix Lookup'!$C$2:$C$21) * ( IFERROR(VLOOKUP('Mix Lookup'!$A$2:$A$21, 'Farmers Market 2'!$A$2:$B$98, 2, FALSE), 0) + IFERROR(VLOOKUP('Mix Lookup'!$A$2:$A$21, 'Farmers Market 1'!$A$2:$B$102, 2, FALSE), 0) ) ) ) / VLOOKUP(A6, 'Info Master'!A:B, 2, FALSE), 1 ) + SUMIF(Restaraunts!B:B, A6, Restaraunts!C:C) -> 3 | C6: =( ( SUMIF('One-Time Orders'!B:B, A6, 'One-Time Orders'!C:C) + SUMIF(Subscriptions!B:B, A6, Subscriptions!C:C) + SUMIF('Farmers Market 2'!A:A, A6, 'Farmers Market 2'!B:B) + SUMIF('Farmers Market 1'!A:A, A6, 'Farmers Market 1'!B:B) + SUMPRODUCT( ('Mix Lookup'!$B$2:$B$94 = A6) * ('Mix Lookup'!$C$2:$C$94) * ( IFERROR(VLOOKUP('Mix Lookup'!$A$2:$A$94, 'Farmers Market 2'!$A$2:$B$98, 2, FALSE), 0) + IFERROR(VLOOKUP('Mix Lookup'!$A$2:$A$94, 'Farmers Market 1'!$A$2:$B$102, 2, FALSE), 0) ) ) ) / VLOOKUP(A6, 'Info Master'!A:B, 2, FALSE) ) + SUMIF(Restaraunts!B:B, A6, Restaraunts!C:C) -> 2.6550952 | D6: =VLOOKUP(A6,'Info Master'!$A$2:$E$17,5,false)*B6 -> 2.88 | E6: =IF(B6=0,"", $H$1-VLOOKUP(A6,'Info Master'!A6:F21,6,false)) -> 46007 | F6: =Text(E6,"ddddddddd") -> Tuesday | I6: =max(0,B6-C6) -> 0.34490482 | J6: =MAX(0,I6 * VLOOKUP($A6, 'Info Master'!$A:$B, 2, FALSE)) -> 3.1589744 | K6: =FLOOR(J6 / 2, 1) -> 1
A7: Cabbage | B7: =CEILING( ( SUMIF('One-Time Orders'!B:B, A7, 'One-Time Orders'!C:C) + SUMIF(Subscriptions!B:B, A7, Subscriptions!C:C) + SUMIF('Farmers Market 2'!A:A, A7, 'Farmers Market 2'!B:B) + SUMIF('Farmers Market 1'!A:A, A7, 'Farmers Market 1'!B:B) + SUMPRODUCT( ('Mix Lookup'!$B$2:$B$21 = A7) * ('Mix Lookup'!$C$2:$C$21) * ( IFERROR(VLOOKUP('Mix Lookup'!$A$2:$A$21, 'Farmers Market 2'!$A$2:$B$98, 2, FALSE), 0) + IFERROR(VLOOKUP('Mix Lookup'!$A$2:$A$21, 'Farmers Market 1'!$A$2:$B$102, 2, FALSE), 0) ) ) ) / VLOOKUP(A7, 'Info Master'!A:B, 2, FALSE), 1 ) + SUMIF(Restaraunts!B:B, A7, Restaraunts!C:C) -> 0 | C7: =( ( SUMIF('One-Time Orders'!B:B, A7, 'One-Time Orders'!C:C) + SUMIF(Subscriptions!B:B, A7, Subscriptions!C:C) + SUMIF('Farmers Market 2'!A:A, A7, 'Farmers Market 2'!B:B) + SUMIF('Farmers Market 1'!A:A, A7, 'Farmers Market 1'!B:B) + SUMPRODUCT( ('Mix Lookup'!$B$2:$B$94 = A7) * ('Mix Lookup'!$C$2:$C$94) * ( IFERROR(VLOOKUP('Mix Lookup'!$A$2:$A$94, 'Farmers Market 2'!$A$2:$B$98, 2, FALSE), 0) + IFERROR(VLOOKUP('Mix Lookup'!$A$2:$A$94, 'Farmers Market 1'!$A$2:$B$102, 2, FALSE), 0) ) ) ) / VLOOKUP(A7, 'Info Master'!A:B, 2, FALSE) ) + SUMIF(Restaraunts!B:B, A7, Restaraunts!C:C) -> 0 | D7: =VLOOKUP(A7,'Info Master'!$A$2:$E$17,5,false)*B7 -> 0 | E7: =IF(B7=0,"", $H$1-VLOOKUP(A7,'Info Master'!A7:F21,6,false)) | F7: =Text(E7,"ddddddddd") | I7: =max(0,B7-C7) -> 0 | J7: =MAX(0,I7 * VLOOKUP($A7, 'Info Master'!$A:$B, 2, FALSE)) -> 0 | K7: =FLOOR(J7 / 2, 1) -> 0
A8: Cantaloupe | B8: =CEILING( ( SUMIF('One-Time Orders'!B:B, A8, 'One-Time Orders'!C:C) + SUMIF(Subscriptions!B:B, A8, Subscriptions!C:C) + SUMIF('Farmers Market 2'!A:A, A8, 'Farmers Market 2'!B:B) + SUMIF('Farmers Market 1'!A:A, A8, 'Farmers Market 1'!B:B) + SUMPRODUCT( ('Mix Lookup'!$B$2:$B$21 = A8) * ('Mix Lookup'!$C$2:$C$21) * ( IFERROR(VLOOKUP('Mix Lookup'!$A$2:$A$21, 'Farmers Market 2'!$A$2:$B$98, 2, FALSE), 0) + IFERROR(VLOOKUP('Mix Lookup'!$A$2:$A$21, 'Farmers Market 1'!$A$2:$B$102, 2, FALSE), 0) ) ) ) / VLOOKUP(A8, 'Info Master'!A:B, 2, FALSE), 1 ) + SUMIF(Restaraunts!B:B, A8, Restaraunts!C:C) -> 0 | C8: =( ( SUMIF('One-Time Orders'!B:B, A8, 'One-Time Orders'!C:C) + SUMIF(Subscriptions!B:B, A8, Subscriptions!C:C) + SUMIF('Farmers Market 2'!A:A, A8, 'Farmers Market 2'!B:B) + SUMIF('Farmers Market 1'!A:A, A8, 'Farmers Market 1'!B:B) + SUMPRODUCT( ('Mix Lookup'!$B$2:$B$94 = A8) * ('Mix Lookup'!$C$2:$C$94) * ( IFERROR(VLOOKUP('Mix Lookup'!$A$2:$A$94, 'Farmers Market 2'!$A$2:$B$98, 2, FALSE), 0) + IFERROR(VLOOKUP('Mix Lookup'!$A$2:$A$94, 'Farmers Market 1'!$A$2:$B$102, 2, FALSE), 0) ) ) ) / VLOOKUP(A8, 'Info Master'!A:B, 2, FALSE) ) + SUMIF(Restaraunts!B:B, A8, Restaraunts!C:C) -> 0 | D8: =VLOOKUP(A8,'Info Master'!$A$2:$E$17,5,false)*B8 -> 0 | E8: =IF(B8=0,"", $H$1-VLOOKUP(A8,'Info Master'!A8:F21,6,false)) | F8: =Text(E8,"ddddddddd") | I8: =max(0,B8-C8) -> 0 | J8: =MAX(0,I8 * VLOOKUP($A8, 'Info Master'!$A:$B, 2, FALSE)) -> 0 | K8: =FLOOR(J8 / 2, 1) -> 0
A9: Cilantro | B9: =CEILING( ( SUMIF('One-Time Orders'!B:B, A9, 'One-Time Orders'!C:C) + SUMIF(Subscriptions!B:B, A9, Subscriptions!C:C) + SUMIF('Farmers Market 2'!A:A, A9, 'Farmers Market 2'!B:B) + SUMIF('Farmers Market 1'!A:A, A9, 'Farmers Market 1'!B:B) + SUMPRODUCT( ('Mix Lookup'!$B$2:$B$21 = A9) * ('Mix Lookup'!$C$2:$C$21) * ( IFERROR(VLOOKUP('Mix Lookup'!$A$2:$A$21, 'Farmers Market 2'!$A$2:$B$98, 2, FALSE), 0) + IFERROR(VLOOKUP('Mix Lookup'!$A$2:$A$21, 'Farmers Market 1'!$A$2:$B$102, 2, FALSE), 0) ) ) ) / VLOOKUP(A9, 'Info Master'!A:B, 2, FALSE), 1 ) + SUMIF(Restaraunts!B:B, A9, Restaraunts!C:C) -> 0 | C9: =( ( SUMIF('One-Time Orders'!B:B, A9, 'One-Time Orders'!C:C) + SUMIF(Subscriptions!B:B, A9, Subscriptions!C:C) + SUMIF('Farmers Market 2'!A:A, A9, 'Farmers Market 2'!B:B) + SUMIF('Farmers Market 1'!A:A, A9, 'Farmers Market 1'!B:B) + SUMPRODUCT( ('Mix Lookup'!$B$2:$B$94 = A9) * ('Mix Lookup'!$C$2:$C$94) * ( IFERROR(VLOOKUP('Mix Lookup'!$A$2:$A$94, 'Farmers Market 2'!$A$2:$B$98, 2, FALSE), 0) + IFERROR(VLOOKUP('Mix Lookup'!$A$2:$A$94, 'Farmers Market 1'!$A$2:$B$102, 2, FALSE), 0) ) ) ) / VLOOKUP(A9, 'Info Master'!A:B, 2, FALSE) ) + SUMIF(Restaraunts!B:B, A9, Restaraunts!C:C) -> 0 | D9: =VLOOKUP(A9,'Info Master'!$A$2:$E$17,5,false)*B9 -> 0 | E9: =IF(B9=0,"", $H$1-VLOOKUP(A9,'Info Master'!A9:F21,6,false)) | F9: =Text(E9,"ddddddddd") | I9: =max(0,B9-C9) -> 0 | J9: =MAX(0,I9 * VLOOKUP($A9, 'Info Master'!$A:$B, 2, FALSE)) -> 0 | K9: =FLOOR(J9 / 2, 1) -> 0
A10: Kale | B10: =CEILING( ( SUMIF('One-Time Orders'!B:B, A10, 'One-Time Orders'!C:C) + SUMIF(Subscriptions!B:B, A10, Subscriptions!C:C) + SUMIF('Farmers Market 2'!A:A, A10, 'Farmers Market 2'!B:B) + SUMIF('Farmers Market 1'!A:A, A10, 'Farmers Market 1'!B:B) + SUMPRODUCT( ('Mix Lookup'!$B$2:$B$21 = A10) * ('Mix Lookup'!$C$2:$C$21) * ( IFERROR(VLOOKUP('Mix Lookup'!$A$2:$A$21, 'Farmers Market 2'!$A$2:$B$98, 2, FALSE), 0) + IFERROR(VLOOKUP('Mix Lookup'!$A$2:$A$21, 'Farmers Market 1'!$A$2:$B$102, 2, FALSE), 0) ) ) ) / VLOOKUP(A10, 'Info Master'!A:B, 2, FALSE), 1 ) + SUMIF(Restaraunts!B:B, A10, Restaraunts!C:C) -> 0 | C10: =( ( SUMIF('One-Time Orders'!B:B, A10, 'One-Time Orders'!C:C) + SUMIF(Subscriptions!B:B, A10, Subscriptions!C:C) + SUMIF('Farmers Market 2'!A:A, A10, 'Farmers Market 2'!B:B) + SUMIF('Farmers Market 1'!A:A, A10, 'Farmers Market 1'!B:B) + SUMPRODUCT( ('Mix Lookup'!$B$2:$B$94 = A10) * ('Mix Lookup'!$C$2:$C$94) * ( IFERROR(VLOOKUP('Mix Lookup'!$A$2:$A$94, 'Farmers Market 2'!$A$2:$B$98, 2, FALSE), 0) + IFERROR(VLOOKUP('Mix Lookup'!$A$2:$A$94, 'Farmers Market 1'!$A$2:$B$102, 2, FALSE), 0) ) ) ) / VLOOKUP(A10, 'Info Master'!A:B, 2, FALSE) ) + SUMIF(Restaraunts!B:B, A10, Restaraunts!C:C) -> 0 | D10: =VLOOKUP(A10,'Info Master'!$A$2:$E$17,5,false)*B10 -> 0 | E10: =IF(B10=0,"", $H$1-VLOOKUP(A10,'Info Master'!A10:F27,6,false)) | F10: =Text(E10,"ddddddddd") | I10: =max(0,B10-C10) -> 0 | J10: =MAX(0,I10 * VLOOKUP($A10, 'Info Master'!$A:$B, 2, FALSE)) -> 0 | K10: =FLOOR(J10 / 2, 1) -> 0
A11: Mustard | B11: =CEILING( ( SUMIF('One-Time Orders'!B:B, A11, 'One-Time Orders'!C:C) + SUMIF(Subscriptions!B:B, A11, Subscriptions!C:C) + SUMIF('Farmers Market 2'!A:A, A11, 'Farmers Market 2'!B:B) + SUMIF('Farmers Market 1'!A:A, A11, 'Farmers Market 1'!B:B) + SUMPRODUCT( ('Mix Lookup'!$B$2:$B$21 = A11) * ('Mix Lookup'!$C$2:$C$21) * ( IFERROR(VLOOKUP('Mix Lookup'!$A$2:$A$21, 'Farmers Market 2'!$A$2:$B$98, 2, FALSE), 0) + IFERROR(VLOOKUP('Mix Lookup'!$A$2:$A$21, 'Farmers Market 1'!$A$2:$B$102, 2, FALSE), 0) ) ) ) / VLOOKUP(A11, 'Info Master'!A:B, 2, FALSE), 1 ) + SUMIF(Restaraunts!B:B, A11, Restaraunts!C:C) -> 0 | C11: =( ( SUMIF('One-Time Orders'!B:B, A11, 'One-Time Orders'!C:C) + SUMIF(Subscriptions!B:B, A11, Subscriptions!C:C) + SUMIF('Farmers Market 2'!A:A, A11, 'Farmers Market 2'!B:B) + SUMIF('Farmers Market 1'!A:A, A11, 'Farmers Market 1'!B:B) + SUMPRODUCT( ('Mix Lookup'!$B$2:$B$94 = A11) * ('Mix Lookup'!$C$2:$C$94) * ( IFERROR(VLOOKUP('Mix Lookup'!$A$2:$A$94, 'Farmers Market 2'!$A$2:$B$98, 2, FALSE), 0) + IFERROR(VLOOKUP('Mix Lookup'!$A$2:$A$94, 'Farmers Market 1'!$A$2:$B$102, 2, FALSE), 0) ) ) ) / VLOOKUP(A11, 'Info Master'!A:B, 2, FALSE) ) + SUMIF(Restaraunts!B:B, A11, Restaraunts!C:C) -> 0 | D11: =VLOOKUP(A11,'Info Master'!$A$2:$E$17,5,false)*B11 -> 0 | E11: =IF(B11=0,"", $H$1-VLOOKUP(A11,'Info Master'!A11:F28,6,false)) | F11: =Text(E11,"ddddddddd") | I11: =max(0,B11-C11) -> 0 | J11: =MAX(0,I11 * VLOOKUP($A11, 'Info Master'!$A:$B, 2, FALSE)) -> 0 | K11: =FLOOR(J11 / 2, 1) -> 0
A12: Pea | B12: =CEILING( ( SUMIF('One-Time Orders'!B:B, A12, 'One-Time Orders'!C:C) + SUMIF(Subscriptions!B:B, A12, Subscriptions!C:C) + SUMIF('Farmers Market 2'!A:A, A12, 'Farmers Market 2'!B:B) + SUMIF('Farmers Market 1'!A:A, A12, 'Farmers Market 1'!B:B) + SUMPRODUCT( ('Mix Lookup'!$B$2:$B$21 = A12) * ('Mix Lookup'!$C$2:$C$21) * ( IFERROR(VLOOKUP('Mix Lookup'!$A$2:$A$21, 'Farmers Market 2'!$A$2:$B$98, 2, FALSE), 0) + IFERROR(VLOOKUP('Mix Lookup'!$A$2:$A$21, 'Farmers Market 1'!$A$2:$B$102, 2, FALSE), 0) ) ) ) / VLOOKUP(A12, 'Info Master'!A:B, 2, FALSE), 1 ) + SUMIF(Restaraunts!B:B, A12, Restaraunts!C:C) -> 0 | C12: =( ( SUMIF('One-Time Orders'!B:B, A12, 'One-Time Orders'!C:C) + SUMIF(Subscriptions!B:B, A12, Subscriptions!C:C) + SUMIF('Farmers Market 2'!A:A, A12, 'Farmers Market 2'!B:B) + SUMIF('Farmers Market 1'!A:A, A12, 'Farmers Market 1'!B:B) + SUMPRODUCT( ('Mix Lookup'!$B$2:$B$94 = A12) * ('Mix Lookup'!$C$2:$C$94) * ( IFERROR(VLOOKUP('Mix Lookup'!$A$2:$A$94, 'Farmers Market 2'!$A$2:$B$98, 2, FALSE), 0) + IFERROR(VLOOKUP('Mix Lookup'!$A$2:$A$94, 'Farmers Market 1'!$A$2:$B$102, 2, FALSE), 0) ) ) ) / VLOOKUP(A12, 'Info Master'!A:B, 2, FALSE) ) + SUMIF(Restaraunts!B:B, A12, Restaraunts!C:C) -> 0 | D12: =VLOOKUP(A12,'Info Master'!$A$2:$E$17,5,false)*B12 -> 0 | E12: =IF(B12=0,"", $H$1-VLOOKUP(A12,'Info Master'!A12:F29,6,false)) | F12: =Text(E12,"ddddddddd") | I12: =max(0,B12-C12) -> 0 | J12: =MAX(0,I12 * VLOOKUP($A12, 'Info Master'!$A:$B, 2, FALSE)) -> 0 | K12: =FLOOR(J12 / 2, 1) -> 0
A13: Popcorn | B13: =CEILING( ( SUMIF('One-Time Orders'!B:B, A13, 'One-Time Orders'!C:C) + SUMIF(Subscriptions!B:B, A13, Subscriptions!C:C) + SUMIF('Farmers Market 2'!A:A, A13, 'Farmers Market 2'!B:B) + SUMIF('Farmers Market 1'!A:A, A13, 'Farmers Market 1'!B:B) + SUMPRODUCT( ('Mix Lookup'!$B$2:$B$21 = A13) * ('Mix Lookup'!$C$2:$C$21) * ( IFERROR(VLOOKUP('Mix Lookup'!$A$2:$A$21, 'Farmers Market 2'!$A$2:$B$98, 2, FALSE), 0) + IFERROR(VLOOKUP('Mix Lookup'!$A$2:$A$21, 'Farmers Market 1'!$A$2:$B$102, 2, FALSE), 0) ) ) ) / VLOOKUP(A13, 'Info Master'!A:B, 2, FALSE), 1 ) + SUMIF(Restaraunts!B:B, A13, Restaraunts!C:C) -> 0 | C13: =( ( SUMIF('One-Time Orders'!B:B, A13, 'One-Time Orders'!C:C) + SUMIF(Subscriptions!B:B, A13, Subscriptions!C:C) + SUMIF('Farmers Market 2'!A:A, A13, 'Farmers Market 2'!B:B) + SUMIF('Farmers Market 1'!A:A, A13, 'Farmers Market 1'!B:B) + SUMPRODUCT( ('Mix Lookup'!$B$2:$B$94 = A13) * ('Mix Lookup'!$C$2:$C$94) * ( IFERROR(VLOOKUP('Mix Lookup'!$A$2:$A$94, 'Farmers Market 2'!$A$2:$B$98, 2, FALSE), 0) + IFERROR(VLOOKUP('Mix Lookup'!$A$2:$A$94, 'Farmers Market 1'!$A$2:$B$102, 2, FALSE), 0) ) ) ) / VLOOKUP(A13, 'Info Master'!A:B, 2, FALSE) ) + SUMIF(Restaraunts!B:B, A13, Restaraunts!C:C) -> 0 | D13: =VLOOKUP(A13,'Info Master'!$A$2:$E$17,5,false)*B13 -> 0 | E13: =IF(B13=0,"", $H$1-VLOOKUP(A13,'Info Master'!A13:F30,6,false)) | F13: =Text(E13,"ddddddddd") | I13: =max(0,B13-C13) -> 0 | J13: =MAX(0,I13 * VLOOKUP($A13, 'Info Master'!$A:$B, 2, FALSE)) -> 0 | K13: =FLOOR(J13 / 2, 1) -> 0
A14: Radish | B14: =CEILING( ( SUMIF('One-Time Orders'!B:B, A14, 'One-Time Orders'!C:C) + SUMIF(Subscriptions!B:B, A14, Subscriptions!C:C) + SUMIF('Farmers Market 2'!A:A, A14, 'Farmers Market 2'!B:B) + SUMIF('Farmers Market 1'!A:A, A14, 'Farmers Market 1'!B:B) + SUMPRODUCT( ('Mix Lookup'!$B$2:$B$21 = A14) * ('Mix Lookup'!$C$2:$C$21) * ( IFERROR(VLOOKUP('Mix Lookup'!$A$2:$A$21, 'Farmers Market 2'!$A$2:$B$98, 2, FALSE), 0) + IFERROR(VLOOKUP('Mix Lookup'!$A$2:$A$21, 'Farmers Market 1'!$A$2:$B$102, 2, FALSE), 0) ) ) ) / VLOOKUP(A14, 'Info Master'!A:B, 2, FALSE), 1 ) + SUMIF(Restaraunts!B:B, A14, Restaraunts!C:C) -> 0 | C14: =( ( SUMIF('One-Time Orders'!B:B, A14, 'One-Time Orders'!C:C) + SUMIF(Subscriptions!B:B, A14, Subscriptions!C:C) + SUMIF('Farmers Market 2'!A:A, A14, 'Farmers Market 2'!B:B) + SUMIF('Farmers Market 1'!A:A, A14, 'Farmers Market 1'!B:B) + SUMPRODUCT( ('Mix Lookup'!$B$2:$B$94 = A14) * ('Mix Lookup'!$C$2:$C$94) * ( IFERROR(VLOOKUP('Mix Lookup'!$A$2:$A$94, 'Farmers Market 2'!$A$2:$B$98, 2, FALSE), 0) + IFERROR(VLOOKUP('Mix Lookup'!$A$2:$A$94, 'Farmers Market 1'!$A$2:$B$102, 2, FALSE), 0) ) ) ) / VLOOKUP(A14, 'Info Master'!A:B, 2, FALSE) ) + SUMIF(Restaraunts!B:B, A14, Restaraunts!C:C) -> 0 | D14: =VLOOKUP(A14,'Info Master'!$A$2:$E$17,5,false)*B14 -> 0 | E14: =IF(B14=0,"", $H$1-VLOOKUP(A14,'Info Master'!A14:F31,6,false)) | F14: =Text(E14,"ddddddddd") | I14: =max(0,B14-C14) -> 0 | J14: =MAX(0,I14 * VLOOKUP($A14, 'Info Master'!$A:$B, 2, FALSE)) -> 0 | K14: =FLOOR(J14 / 2, 1) -> 0
A15: Strawberry | B15: =CEILING( ( SUMIF('One-Time Orders'!B:B, A15, 'One-Time Orders'!C:C) + SUMIF(Subscriptions!B:B, A15, Subscriptions!C:C) + SUMIF('Farmers Market 2'!A:A, A15, 'Farmers Market 2'!B:B) + SUMIF('Farmers Market 1'!A:A, A15, 'Farmers Market 1'!B:B) + SUMPRODUCT( ('Mix Lookup'!$B$2:$B$21 = A15) * ('Mix Lookup'!$C$2:$C$21) * ( IFERROR(VLOOKUP('Mix Lookup'!$A$2:$A$21, 'Farmers Market 2'!$A$2:$B$98, 2, FALSE), 0) + IFERROR(VLOOKUP('Mix Lookup'!$A$2:$A$21, 'Farmers Market 1'!$A$2:$B$102, 2, FALSE), 0) ) ) ) / VLOOKUP(A15, 'Info Master'!A:B, 2, FALSE), 1 ) + SUMIF(Restaraunts!B:B, A15, Restaraunts!C:C) -> 0 | C15: =( ( SUMIF('One-Time Orders'!B:B, A15, 'One-Time Orders'!C:C) + SUMIF(Subscriptions!B:B, A15, Subscriptions!C:C) + SUMIF('Farmers Market 2'!A:A, A15, 'Farmers Market 2'!B:B) + SUMIF('Farmers Market 1'!A:A, A15, 'Farmers Market 1'!B:B) + SUMPRODUCT( ('Mix Lookup'!$B$2:$B$94 = A15) * ('Mix Lookup'!$C$2:$C$94) * ( IFERROR(VLOOKUP('Mix Lookup'!$A$2:$A$94, 'Farmers Market 2'!$A$2:$B$98, 2, FALSE), 0) + IFERROR(VLOOKUP('Mix Lookup'!$A$2:$A$94, 'Farmers Market 1'!$A$2:$B$102, 2, FALSE), 0) ) ) ) / VLOOKUP(A15, 'Info Master'!A:B, 2, FALSE) ) + SUMIF(Restaraunts!B:B, A15, Restaraunts!C:C) -> 0 | D15: =VLOOKUP(A15,'Info Master'!$A$2:$E$17,5,false)*B15 -> 0 | E15: =IF(B15=0,"", $H$1-VLOOKUP(A15,'Info Master'!A15:F32,6,false)) | F15: =Text(E15,"ddddddddd") | I15: =max(0,B15-C15) -> 0 | J15: =MAX(0,I15 * VLOOKUP($A15, 'Info Master'!$A:$B, 2, FALSE)) -> 0 | K15: =FLOOR(J15 / 2, 1) -> 0
A16: Sunflower | B16: =CEILING( ( SUMIF('One-Time Orders'!B:B, A16, 'One-Time Orders'!C:C) + SUMIF(Subscriptions!B:B, A16, Subscriptions!C:C) + SUMIF('Farmers Market 2'!A:A, A16, 'Farmers Market 2'!B:B) + SUMIF('Farmers Market 1'!A:A, A16, 'Farmers Market 1'!B:B) + SUMPRODUCT( ('Mix Lookup'!$B$2:$B$21 = A16) * ('Mix Lookup'!$C$2:$C$21) * ( IFERROR(VLOOKUP('Mix Lookup'!$A$2:$A$21, 'Farmers Market 2'!$A$2:$B$98, 2, FALSE), 0) + IFERROR(VLOOKUP('Mix Lookup'!$A$2:$A$21, 'Farmers Market 1'!$A$2:$B$102, 2, FALSE), 0) ) ) ) / VLOOKUP(A16, 'Info Master'!A:B, 2, FALSE), 1 ) + SUMIF(Restaraunts!B:B, A16, Restaraunts!C:C) -> 0 | C16: =( ( SUMIF('One-Time Orders'!B:B, A16, 'One-Time Orders'!C:C) + SUMIF(Subscriptions!B:B, A16, Subscriptions!C:C) + SUMIF('Farmers Market 2'!A:A, A16, 'Farmers Market 2'!B:B) + SUMIF('Farmers Market 1'!A:A, A16, 'Farmers Market 1'!B:B) + SUMPRODUCT( ('Mix Lookup'!$B$2:$B$94 = A16) * ('Mix Lookup'!$C$2:$C$94) * ( IFERROR(VLOOKUP('Mix Lookup'!$A$2:$A$94, 'Farmers Market 2'!$A$2:$B$98, 2, FALSE), 0) + IFERROR(VLOOKUP('Mix Lookup'!$A$2:$A$94, 'Farmers Market 1'!$A$2:$B$102, 2, FALSE), 0) ) ) ) / VLOOKUP(A16, 'Info Master'!A:B, 2, FALSE) ) + SUMIF(Restaraunts!B:B, A16, Restaraunts!C:C) -> 0 | D16: =VLOOKUP(A16,'Info Master'!$A$2:$E$17,5,false)*B16 -> 0 | E16: =IF(B16=0,"", $H$1-VLOOKUP(A16,'Info Master'!A16:F33,6,false)) | F16: =Text(E16,"ddddddddd") | I16: =max(0,B16-C16) -> 0 | J16: =MAX(0,I16 * VLOOKUP($A16, 'Info Master'!$A:$B, 2, FALSE)) -> 0 | K16: =FLOOR(J16 / 2, 1) -> 0
A17: Wheatgrass | B17: =CEILING( ( SUMIF('One-Time Orders'!B:B, A17, 'One-Time Orders'!C:C) + SUMIF(Subscriptions!B:B, A17, Subscriptions!C:C) + SUMIF('Farmers Market 2'!A:A, A17, 'Farmers Market 2'!B:B) + SUMIF('Farmers Market 1'!A:A, A17, 'Farmers Market 1'!B:B) + SUMPRODUCT( ('Mix Lookup'!$B$2:$B$21 = A17) * ('Mix Lookup'!$C$2:$C$21) * ( IFERROR(VLOOKUP('Mix Lookup'!$A$2:$A$21, 'Farmers Market 2'!$A$2:$B$98, 2, FALSE), 0) + IFERROR(VLOOKUP('Mix Lookup'!$A$2:$A$21, 'Farmers Market 1'!$A$2:$B$102, 2, FALSE), 0) ) ) ) / VLOOKUP(A17, 'Info Master'!A:B, 2, FALSE), 1 ) + SUMIF(Restaraunts!B:B, A17, Restaraunts!C:C) -> 0 | C17: =( ( SUMIF('One-Time Orders'!B:B, A17, 'One-Time Orders'!C:C) + SUMIF(Subscriptions!B:B, A17, Subscriptions!C:C) + SUMIF('Farmers Market 2'!A:A, A17, 'Farmers Market 2'!B:B) + SUMIF('Farmers Market 1'!A:A, A17, 'Farmers Market 1'!B:B) + SUMPRODUCT( ('Mix Lookup'!$B$2:$B$94 = A17) * ('Mix Lookup'!$C$2:$C$94) * ( IFERROR(VLOOKUP('Mix Lookup'!$A$2:$A$94, 'Farmers Market 2'!$A$2:$B$98, 2, FALSE), 0) + IFERROR(VLOOKUP('Mix Lookup'!$A$2:$A$94, 'Farmers Market 1'!$A$2:$B$102, 2, FALSE), 0) ) ) ) / VLOOKUP(A17, 'Info Master'!A:B, 2, FALSE) ) + SUMIF(Restaraunts!B:B, A17, Restaraunts!C:C) -> 0 | D17: =VLOOKUP(A17,'Info Master'!$A$2:$E$17,5,false)*B17 -> 0 | E17: =IF(B17=0,"", $H$1-VLOOKUP(A17,'Info Master'!A17:F34,6,false)) | F17: =Text(E17,"ddddddddd") | I17: =max(0,B17-C17) -> 0 | J17: =MAX(0,I17 * VLOOKUP($A17, 'Info Master'!$A:$B, 2, FALSE)) -> 0 | K17: =FLOOR(J17 / 2, 1) -> 0
A18: Total | B18: =SUM(B2:B17) -> 3 | D18: =sum(D2:D17) -> 2.88

Sheet Farmers Market 1
A1: Microgreen | B1: Estimated Demand (oz) | C1: Num Containers | D1: Potential Rev | G1: Actual Inventory OH | H1: Actual Pot Rev | I1: Inventory Left | J1: Inventory Sold | K1: Actual Rev
A2: Arugula | C2: =B2/2 -> 0 | D2: =VLOOKUP(A2,'Info Master'!$A$2:$C$17,3,false)*C2 -> 0 | H2: =VLOOKUP(A2,'Info Master'!$A$2:$C$17,3,false)*G2 -> 0 | J2: =G2-I2 -> 0 | K2: =VLOOKUP(A2,'Info Master'!$A$2:$C$17,3,false)*J2 -> 0
A3: Amaranth | C3: =B3/2 -> 0 | D3: =VLOOKUP(A3,'Info Master'!$A$2:$C$17,3,false)*C3 -> 0 | H3: =VLOOKUP(A3,'Info Master'!$A$2:$C$17,3,false)*G3 -> 0 | J3: =G3-I3 -> 0 | K3: =VLOOKUP(A3,'Info Master'!$A$2:$C$17,3,false)*J3 -> 0
A4: Basil | C4: =B4/2 -> 0 | D4: =VLOOKUP(A4,'Info Master'!$A$2:$C$17,3,false)*C4 -> 0 | H4: =VLOOKUP(A4,'Info Master'!$A$2:$C$17,3,false)*G4 -> 0 | J4: =G4-I4 -> 0 | K4: =VLOOKUP(A4,'Info Master'!$A$2:$C$17,3,false)*J4 -> 0
A5: Beet | C5: =B5/2 -> 0 | D5: =VLOOKUP(A5,'Info Master'!$A$2:$C$17,3,false)*C5 -> 0 | H5: =VLOOKUP(A5,'Info Master'!$A$2:$C$17,3,false)*G5 -> 0 | J5: =G5-I5 -> 0 | K5: =VLOOKUP(A5,'Info Master'!$A$2:$C$17,3,false)*J5 -> 0
A6: Broccoli | C6: =B6/2 -> 0 | D6: =VLOOKUP(A6,'Info Master'!$A$2:$C$17,3,false)*C6 -> 0 | H6: =VLOOKUP(A6,'Info Master'!$A$2:$C$17,3,false)*G6 -> 0 | J6: =G6-I6 -> 0 | K6: =VLOOKUP(A6,'Info Master'!$A$2:$C$17,3,false)*J6 -> 0
A7: Cabbage | C7: =B7/2 -> 0 | D7: =VLOOKUP(A7,'Info Master'!$A$2:$C$17,3,false)*C7 -> 0 | H7: =VLOOKUP(A7,'Info Master'!$A$2:$C$17,3,false)*G7 -> 0 | J7: =G7-I7 -> 0 | K7: =VLOOKUP(A7,'Info Master'!$A$2:$C$17,3,false)*J7 -> 0
A8: Cantaloupe | C8: =B8/2 -> 0 | D8: =VLOOKUP(A8,'Info Master'!$A$2:$C$17,3,false)*C8 -> 0 | H8: =VLOOKUP(A8,'Info Master'!$A$2:$C$17,3,false)*G8 -> 0 | J8: =G8-I8 -> 0 | K8: =VLOOKUP(A8,'Info Master'!$A$2:$C$17,3,false)*J8 -> 0
A9: Cilantro | C9: =B9/2 -> 0 | D9: =VLOOKUP(A9,'Info Master'!$A$2:$C$17,3,false)*C9 -> 0 | H9: =VLOOKUP(A9,'Info Master'!$A$2:$C$17,3,false)*G9 -> 0 | J9: =G9-I9 -> 0 | K9: =VLOOKUP(A9,'Info Master'!$A$2:$C$17,3,false)*J9 -> 0
A10: Kale | C10: =B10/2 -> 0 | D10: =VLOOKUP(A10,'Info Master'!$A$2:$C$17,3,false)*C10 -> 0 | H10: =VLOOKUP(A10,'Info Master'!$A$2:$C$17,3,false)*G10 -> 0 | J10: =G10-I10 -> 0 | K10: =VLOOKUP(A10,'Info Master'!$A$2:$C$17,3,false)*J10 -> 0
A11: Mustard | C11: =B11/2 -> 0 | D11: =VLOOKUP(A11,'Info Master'!$A$2:$C$17,3,false)*C11 -> 0 | H11: =VLOOKUP(A11,'Info Master'!$A$2:$C$17,3,false)*G11 -> 0 | J11: =G11-I11 -> 0 | K11: =VLOOKUP(A11,'Info Master'!$A$2:$C$17,3,false)*J11 -> 0
A12: Pea | C12: =B12/2 -> 0 | D12: =VLOOKUP(A12,'Info Master'!$A$2:$C$17,3,false)*C12 -> 0 | H12: =VLOOKUP(A12,'Info Master'!$A$2:$C$17,3,false)*G12 -> 0 | J12: =G12-I12 -> 0 | K12: =VLOOKUP(A12,'Info Master'!$A$2:$C$17,3,false)*J12 -> 0
A13: Popcorn | C13: =B13/2 -> 0 | D13: =VLOOKUP(A13,'Info Master'!$A$2:$C$17,3,false)*C13 -> 0 | H13: =VLOOKUP(A13,'Info Master'!$A$2:$C$17,3,false)*G13 -> 0 | J13: =G13-I13 -> 0 | K13: =VLOOKUP(A13,'Info Master'!$A$2:$C$17,3,false)*J13 -> 0
... A16: Sunflower | C16: =B16/2 -> 0 | D16: =VLOOKUP(A16,'Info Master'!$A$2:$C$17,3,false)*C16 -> 0 | H16: =VLOOKUP(A16,'Info Master'!$A$2:$C$17,3,false)*G16 -> 0 | J16: =G16-I16 -> 0 | K16: =VLOOKUP(A16,'Info Master'!$A$2:$C$17,3,false)*J16 -> 0
A17: Wheatgrass | C17: =B17/2 -> 0 | D17: =VLOOKUP(A17,'Info Master'!$A$2:$C$17,3,false)*C17 -> 0 | H17: =VLOOKUP(A17,'Info Master'!$A$2:$C$20,3,false)*G17 -> 0 | J17: =G17-I17 -> 0 | K17: =VLOOKUP(A17,'Info Master'!$A$2:$C$20,3,false)*J17 -> 0
A18: Immunity Mix | C18: =B18/2 -> 0 | D18: =VLOOKUP(A18,'Info Master'!$A$2:$C$22,3,false)*C18 -> 0 | H18: =VLOOKUP(A18,'Info Master'!$A$2:$C$20,3,false)*G18 -> 0 | J18: =G18-I18 -> 0 | K18: =VLOOKUP(A18,'Info Master'!$A$2:$C$20,3,false)*J18 -> 0
A19: Mental Clarity Mix | C19: =B19/2 -> 0 | D19: =VLOOKUP(A19,'Info Master'!$A$2:$C$22,3,false)*C19 -> 0 | H19: =VLOOKUP(A19,'Info Master'!$A$2:$C$20,3,false)*G19 -> 0 | J19: =G19-I19 -> 0 | K19: =VLOOKUP(A19,'Info Master'!$A$2:$C$20,3,false)*J19 -> 0
A20: Energy Detox | C20: =B20/2 -> 0 | D20: =VLOOKUP(A20,'Info Master'!$A$2:$C$22,3,false)*C20 -> 0 | H20: =VLOOKUP(A20,'Info Master'!$A$2:$C$22,3,false)*G20 -> 0 | J20: =G20-I20 -> 0 | K20: =VLOOKUP(A20,'Info Master'!$A$2:$C$22,3,false)*J20 -> 0
A21: Anti-Inflammation Mix | C21: =B21/2 -> 0 | D21: =VLOOKUP(A21,'Info Master'!$A$2:$C$22,3,false)*C21 -> 0 | H21: =VLOOKUP(A21,'Info Master'!$A$2:$C$22,3,false)*G21 -> 0 | J21: =G21-I21 -> 0 | K21: =VLOOKUP(A21,'Info Master'!$A$2:$C$22,3,false)*J21 -> 0
A22: Hormone Balancing Mix | C22: =B22/2 -> 0 | D22: =VLOOKUP(A22,'Info Master'!$A$2:$C$22,3,false)*C22 -> 0 | H22: =VLOOKUP(A22,'Info Master'!$A$2:$C$22,3,false)*G22 -> 0 | J22: =G22-I22 -> 0 | K22: =VLOOKUP(A22,'Info Master'!$A$2:$C$22,3,false)*J22 -> 0
A23: Total | C23: =SUM(C2:C22) -> 0 | D23: =SUM(D2:D22) -> 0 | G23: =sum(G2:G22) -> 0 | H23: =SUM(H2:H22) -> 0 | I23: =sum(I2:I22) -> 0 | J23: =SUM(J2:J22) -> 0 | K23: =SUM(K2:K22) -> 0

Sheet Farmers Market 2
A1: Microgreen | B1: Estimated Demand (oz) | C1: Num Containers | D1: Potential Rev | G1: Actual Inventory OH | H1: Actual Pot Rev | I1: Inventory Left | J1: Inventory Sold | K1: Actual Rev
A2: Arugula | C2: =B2/2 -> 0 | D2: =VLOOKUP(A2,'Info Master'!$A$2:$C$17,3,false)*C2 -> 0 | H2: =VLOOKUP(A2,'Info Master'!$A$2:$C$17,3,false)*G2 -> 0 | J2: =G2-I2 -> 0 | K2: =VLOOKUP(A2,'Info Master'!$A$2:$C$17,3,false)*J2 -> 0
A3: Amaranth | C3: =B3/2 -> 0 | D3: =VLOOKUP(A3,'Info Master'!$A$2:$C$17,3,false)*C3 -> 0 | H3: =VLOOKUP(A3,'Info Master'!$A$2:$C$17,3,false)*G3 -> 0 | J3: =G3-I3 -> 0 | K3: =VLOOKUP(A3,'Info Master'!$A$2:$C$17,3,false)*J3 -> 0
A4: Basil | C4: =B4/2 -> 0 | D4: =VLOOKUP(A4,'Info Master'!$A$2:$C$17,3,false)*C4 -> 0 | H4: =VLOOKUP(A4,'Info Master'!$A$2:$C$17,3,false)*G4 -> 0 | J4: =G4-I4 -> 0 | K4: =VLOOKUP(A4,'Info Master'!$A$2:$C$17,3,false)*J4 -> 0
A5: Beet | C5: =B5/2 -> 0 | D5: =VLOOKUP(A5,'Info Master'!$A$2:$C$17,3,false)*C5 -> 0 | H5: =VLOOKUP(A5,'Info Master'!$A$2:$C$17,3,false)*G5 -> 0 | J5: =G5-I5 -> 0 | K5: =VLOOKUP(A5,'Info Master'!$A$2:$C$17,3,false)*J5 -> 0
A6: Broccoli | C6: =B6/2 -> 0 | D6: =VLOOKUP(A6,'Info Master'!$A$2:$C$17,3,false)*C6 -> 0 | H6: =VLOOKUP(A6,'Info Master'!$A$2:$C$17,3,false)*G6 -> 0 | J6: =G6-I6 -> 0 | K6: =VLOOKUP(A6,'Info Master'!$A$2:$C$17,3,false)*J6 -> 0
A7: Cabbage | C7: =B7/2 -> 0 | D7: =VLOOKUP(A7,'Info Master'!$A$2:$C$17,3,false)*C7 -> 0 | H7: =VLOOKUP(A7,'Info Master'!$A$2:$C$17,3,false)*G7 -> 0 | J7: =G7-I7 -> 0 | K7: =VLOOKUP(A7,'Info Master'!$A$2:$C$17,3,false)*J7 -> 0
A8: Cantaloupe | C8: =B8/2 -> 0 | D8: =VLOOKUP(A8,'Info Master'!$A$2:$C$17,3,false)*C8 -> 0 | H8: =VLOOKUP(A8,'Info Master'!$A$2:$C$17,3,false)*G8 -> 0 | J8: =G8-I8 -> 0 | K8: =VLOOKUP(A8,'Info Master'!$A$2:$C$17,3,false)*J8 -> 0
A9: Cilantro | C9: =B9/2 -> 0 | D9: =VLOOKUP(A9,'Info Master'!$A$2:$C$17,3,false)*C9 -> 0 | H9: =VLOOKUP(A9,'Info Master'!$A$2:$C$17,3,false)*G9 -> 0 | J9: =G9-I9 -> 0 | K9: =VLOOKUP(A9,'Info Master'!$A$2:$C$17,3,false)*J9 -> 0
A10: Kale | C10: =B10/2 -> 0 | D10: =VLOOKUP(A10,'Info Master'!$A$2:$C$17,3,false)*C10 -> 0 | H10: =VLOOKUP(A10,'Info Master'!$A$2:$C$17,3,false)*G10 -> 0 | J10: =G10-I10 -> 0 | K10: =VLOOKUP(A10,'Info Master'!$A$2:$C$17,3,false)*J10 -> 0
A11: Mustard | C11: =B11/2 -> 0 | D11: =VLOOKUP(A11,'Info Master'!$A$2:$C$17,3,false)*C11 -> 0 | H11: =VLOOKUP(A11,'Info Master'!$A$2:$C$17,3,false)*G11 -> 0 | J11: =G11-I11 -> 0 | K11: =VLOOKUP(A11,'Info Master'!$A$2:$C$17,3,false)*J11 -> 0
A12: Pea | C12: =B12/2 -> 0 | D12: =VLOOKUP(A12,'Info Master'!$A$2:$C$17,3,false)*C12 -> 0 | H12: =VLOOKUP(A12,'Info Master'!$A$2:$C$17,3,false)*G12 -> 0 | J12: =G12-I12 -> 0 | K12: =VLOOKUP(A12,'Info Master'!$A$2:$C$17,3,false)*J12 -> 0
A13: Popcorn | C13: =B13/2 -> 0 | D13: =VLOOKUP(A13,'Info Master'!$A$2:$C$17,3,false)*C13 -> 0 | H13: =VLOOKUP(A13,'Info Master'!$A$2:$C$17,3,false)*G13 -> 0 | J13: =G13-I13 -> 0 | K13: =VLOOKUP(A13,'Info Master'!$A$2:$C$17,3,false)*J13 -> 0
... A16: Sunflower | C16: =B16/2 -> 0 | D16: =VLOOKUP(A16,'Info Master'!$A$2:$C$17,3,false)*C16 -> 0 | H16: =VLOOKUP(A16,'Info Master'!$A$2:$C$17,3,false)*G16 -> 0 | J16: =G16-I16 -> 0 | K16: =VLOOKUP(A16,'Info Master'!$A$2:$C$17,3,false)*J16 -> 0
A17: Wheatgrass | C17: =B17/2 -> 0 | D17: =VLOOKUP(A17,'Info Master'!$A$2:$C$20,3,false)*C17 -> 0 | H17: =VLOOKUP(A17,'Info Master'!$A$2:$C$20,3,false)*G17 -> 0 | J17: =G17-I17 -> 0 | K17: =VLOOKUP(A17,'Info Master'!$A$2:$C$20,3,false)*J17 -> 0
A18: Immunity Mix | C18: =B18/2 -> 0 | D18: =VLOOKUP(A18,'Info Master'!$A$2:$C$22,3,false)*C18 -> 0 | H18: =VLOOKUP(A18,'Info Master'!$A$2:$C$20,3,false)*G18 -> 0 | J18: =G18-I18 -> 0 | K18: =VLOOKUP(A18,'Info Master'!$A$2:$C$20,3,false)*J18 -> 0
A19: Mental Clarity Mix | C19: =B19/2 -> 0 | D19: =VLOOKUP(A19,'Info Master'!$A$2:$C$22,3,false)*C19 -> 0 | H19: =VLOOKUP(A19,'Info Master'!$A$2:$C$20,3,false)*G19 -> 0 | J19: =G19-I19 -> 0 | K19: =VLOOKUP(A19,'Info Master'!$A$2:$C$20,3,false)*J19 -> 0
A20: Energy Detox | C20: =B20/2 -> 0 | D20: =VLOOKUP(A20,'Info Master'!$A$2:$C$22,3,false)*C20 -> 0 | H20: =VLOOKUP(A20,'Info Master'!$A$2:$C$22,3,false)*G20 -> 0 | J20: =G20-I20 -> 0 | K20: =VLOOKUP(A20,'Info Master'!$A$2:$C$22,3,false)*J20 -> 0
A21: Anti-Inflammation Mix | C21: =B21/2 -> 0 | D21: =VLOOKUP(A21,'Info Master'!$A$2:$C$22,3,false)*C21 -> 0 | H21: =VLOOKUP(A21,'Info Master'!$A$2:$C$22,3,false)*G21 -> 0 | J21: =G21-I21 -> 0 | K21: =VLOOKUP(A21,'Info Master'!$A$2:$C$22,3,false)*J21 -> 0
A22: Hormone Balancing Mix | C22: =B22/2 -> 0 | D22: =VLOOKUP(A22,'Info Master'!$A$2:$C$22,3,false)*C22 -> 0 | H22: =VLOOKUP(A22,'Info Master'!$A$2:$C$22,3,false)*G22 -> 0 | J22: =G22-I22 -> 0 | K22: =VLOOKUP(A22,'Info Master'!$A$2:$C$22,3,false)*J22 -> 0
A23: Total | C23: =SUM(C2:C22) -> 0 | D23: =SUM(D2:D22) -> 0 | G23: =sum(G2:G22) -> 0 | H23: =SUM(H2:H22) -> 0 | I23: =sum(I2:I22) -> 0 | J23: =SUM(J2:J22) -> 0 | K23: =SUM(K2:K22) -> 0

Sheet Subscriptions
A1: Customer Name | B1: Microgreen Type | C1: Quantity (oz) | D1: Num Containers | E1: Potential Rev (W/O shipping) | F1: Frequency (Weekly/Biweekly/Monthly)
A2: I forget | B2: Broccoli | C2: 6 | D2: =C2/2 -> 3 | E2: =VLOOKUP(B2,'Info Master'!$A$2:$C$22,3,false)*D2*0.85 -> 15.3 | F2: Weekly
D3: =C3/2 -> 0 | E3: =VLOOKUP(B3,'Info Master'!$A$2:$C$22,3,false)*D3*0.85 -> #N/A
D4: =C4/2 -> 0 | E4: =VLOOKUP(B4,'Info Master'!$A$2:$C$22,3,false)*D4*0.85 -> #N/A
D5: =C5/2 -> 0 | E5: =VLOOKUP(B5,'Info Master'!$A$2:$C$22,3,false)*D5*0.85 -> #N/A
D6: =C6/2 -> 0 | E6: =VLOOKUP(B6,'Info Master'!$A$2:$C$22,3,false)*D6*0.85 -> #N/A
D7: =C7/2 -> 0 | E7: =VLOOKUP(B7,'Info Master'!$A$2:$C$22,3,false)*D7*0.85 -> #N/A
D8: =C8/2 -> 0 | E8: =VLOOKUP(B8,'Info Master'!$A$2:$C$22,3,false)*D8*0.85 -> #N/A
D9: =C9/2 -> 0 | E9: =VLOOKUP(B9,'Info Master'!$A$2:$C$22,3,false)*D9*0.85 -> #N/A
D10: =C10/2 -> 0 | E10: =VLOOKUP(B10,'Info Master'!$A$2:$C$22,3,false)*D10*0.85 -> #N/A
D11: =C11/2 -> 0 | E11: =VLOOKUP(B11,'Info Master'!$A$2:$C$22,3,false)*D11*0.85 -> #N/A
D12: =C12/2 -> 0 | E12: =VLOOKUP(B12,'Info Master'!$A$2:$C$22,3,false)*D12*0.85 -> #N/A
D13: =C13/2 -> 0 | E13: =VLOOKUP(B13,'Info Master'!$A$2:$C$22,3,false)*D13*0.85 -> #N/A
D14: =C14/2 -> 0 | E14: =VLOOKUP(B14,'Info Master'!$A$2:$C$22,3,false)*D14*0.85 -> #N/A
... D21: =C21/2 -> 0 | E21: =VLOOKUP(B21,'Info Master'!$A$2:$C$22,3,false)*D21*0.85 -> #N/A
E22: =sum(E2:E7) -> #N/A

Sheet One-Time Orders
A1: Customer Name | B1: Order Number | C1: Microgreen Type | D1: Quantity (oz) | E1: Num Containers | F1: Potental Rev | G1: Delivery Method | H1: Fulfillment DOW | I1: Fulfillment Time
E2: =D2/2 -> 0
E3: =D3/2 -> 0
E4: =D4/2 -> 0
E5: =D5/2 -> 0
E6: =D6/2 -> 0
E7: =D7/2 -> 0
E8: =D8/2 -> 0
E9: =D9/2 -> 0
E10: =D10/2 -> 0
E11: =D11/2 -> 0
E12: =D12/2 -> 0
E13: =D13/2 -> 0
... E31: =D31/2 -> 0

Sheet Restaraunts
A1: Restaraunt | B1: Microgreen | C1: Tray Quantity | D1: Potental Rev
A2: Us | B2: Broccoli | C2: 2 | D2: =VLOOKUP(B2,'Info Master'!$A$2:$D$20,4,false)*C2 -> 40
D3: =VLOOKUP(B3,'Info Master'!$A$2:$D$20,4,false)*C3 -> #N/A
D4: =VLOOKUP(B4,'Info Master'!$A$2:$D$20,4,false)*C4 -> #N/A
D5: =VLOOKUP(B5,'Info Master'!$A$2:$D$20,4,false)*C5 -> #N/A
D6: =VLOOKUP(B6,'Info Master'!$A$2:$D$20,4,false)*C6 -> #N/A
D7: =VLOOKUP(B7,'Info Master'!$A$2:$D$20,4,false)*C7 -> #N/A
D8: =VLOOKUP(B8,'Info Master'!$A$2:$D$20,4,false)*C8 -> #N/A
D9: =VLOOKUP(B9,'Info Master'!$A$2:$D$20,4,false)*C9 -> #N/A
D10: =VLOOKUP(B10,'Info Master'!$A$2:$D$20,4,false)*C10 -> #N/A
D11: =VLOOKUP(B11,'Info Master'!$A$2:$D$20,4,false)*C11 -> #N/A
D12: =VLOOKUP(B12,'Info Master'!$A$2:$D$20,4,false)*C12 -> #N/A
D13: =VLOOKUP(B13,'Info Master'!$A$2:$D$20,4,false)*C13 -> #N/A
D14: =VLOOKUP(B14,'Info Master'!$A$2:$D$20,4,false)*C14 -> #N/A
D15: =VLOOKUP(B15,'Info Master'!$A$2:$D$20,4,false)*C15 -> #N/A

Sheet Info Master
A1: Microgreen | B1: Estimated Yield | C1: Sell Price/2oz | D1: Tray Price | E1: Prod Cost | F1: Duration(days) | G1: Sow Rate(g)
A2: Arugula | B2: 9.4079167 | C2: 6 | D2: 20 | E2: 1.1 | F2: 8 | G2: 25
A3: Amaranth | B3: 5.1711111 | C3: 6 | D3: 20 | E3: 1.11 | F3: 8 | G3: 15
A4: Basil | B4: 3.9563158 | C4: 8 | D4: 20 | E4: 1.06 | F4: 18 | G4: 15
A5: Beet | B5: 2.5392857 | C5: 6 | D5: 20 | E5: 1.7 | F5: 11 | G5: 40
A6: Broccoli | B6: 9.1589744 | C6: 6 | D6: 20 | E6: 0.96 | F6: 8 | G6: 25
A7: Cabbage | B7: 8.284375 | C7: 6 | D7: 20 | E7: 1.2 | F7: 8 | G7: 25
A8: Cantaloupe | B8: 6.14 | C8: 6 | D8: 20 | E8: 1.1 | F8: 13 | G8: 30
A9: Cilantro | B9: 3.5 | C9: 8 | D9: 20 | E9: 0.94 | F9: 13 | G9: 30
A10: Kale | B10: 13 | C10: 6 | D10: 20 | E10: 1.08 | F10: 8 | G10: 25
A11: Mustard | B11: 2.9955556 | C11: 6 | D11: 20 | E11: 0.8 | F11: 8 | G11: 25
A12: Pea | B12: 10.543333 | C12: 6 | D12: 20 | E12: 1.83 | F12: 11 | G12: 250
A13: Popcorn | B13: 6.22 | C13: 6 | D13: 20 | E13: 2.82 | F13: 11 | G13: 150
... A17: Wheatgrass | B17: 5 | C17: 5 | D17: 20 | E17: 1.85 | F17: 8 | G17: 200
A18: Immunity Mix | C18: 7
A19: Mental Clarity Mix | C19: 7
A20: Energy Detox | C20: 7
A21: Anti-Inflammation Mix | C21: 7
A22: Hormone Balancing Mix | C22: 7

Sheet Mix Lookup
A1: Mix Name | B1: Microgreen | C1: Percent
A2: Immunity Mix | B2: Broccoli | C2: 0.35
A3: Immunity Mix | B3: Cabbage | C3: 0.25
A4: Immunity Mix | B4: Arugula | C4: 0.25
A5: Immunity Mix | B5: Sunflower | C5: 0.15
A6: Mental Clarity Mix | B6: Basil | C6: 0.4
A7: Mental Clarity Mix | B7: Pea | C7: 0.3
A8: Mental Clarity Mix | B8: Cantaloupe | C8: 0.2
A9: Mental Clarity Mix | B9: Popcorn | C9: 0.1
A10: Energy Detox | B10: Sunflower | C10: 0.45
A11: Energy Detox | B11: Arugula | C11: 0.3
A12: Energy Detox | B12: Broccoli | C12: 0.15
A13: Energy Detox | B13: Radish | C13: 0.1
... A21: Hormone Balancing Mix | B21: Arugula | C21: 0.1

Sheet Seed Usage
A1: Microgreen | B1: Total Used (g) | C1: Sowing Date
A2: Arugula | B2: ='Production Summary'!B2*'Info Master'!G2 -> 0 | C2: =if(B2=0,"-",'Production Summary'!E2) -> -
A3: Amaranth | B3: ='Production Summary'!B3*'Info Master'!G3 -> 0 | C3: =if(B3=0,"-",'Production Summary'!E3) -> -
A4: Basil | B4: ='Production Summary'!B4*'Info Master'!G4 -> 0 | C4: =if(B4=0,"-",'Production Summary'!E4) -> -
A5: Beet | B5: ='Production Summary'!B5*'Info Master'!G5 -> 0 | C5: =if(B5=0,"-",'Production Summary'!E5) -> -
A6: Broccoli | B6: ='Production Summary'!B6*'Info Master'!G6 -> 75 | C6: =if(B6=0,"-",'Production Summary'!E6) -> 46007
A7: Cabbage | B7: ='Production Summary'!B7*'Info Master'!G7 -> 0 | C7: =if(B7=0,"-",'Production Summary'!E7) -> -
A8: Cantaloupe | B8: ='Production Summary'!B8*'Info Master'!G8 -> 0 | C8: =if(B8=0,"-",'Production Summary'!E8) -> -
A9: Cilantro | B9: ='Production Summary'!B9*'Info Master'!G9 -> 0 | C9: =if(B9=0,"-",'Production Summary'!E9) -> -
A10: Kale | B10: ='Production Summary'!B10*'Info Master'!G10 -> 0 | C10: =if(B10=0,"-",'Production Summary'!E10) -> -
A11: Mustard | B11: ='Production Summary'!B11*'Info Master'!G11 -> 0 | C11: =if(B11=0,"-",'Production Summary'!E11) -> -
A12: Pea | B12: ='Production Summary'!B12*'Info Master'!G12 -> 0 | C12: =if(B12=0,"-",'Production Summary'!E12) -> -
A13: Popcorn | B13: ='Production Summary'!B13*'Info Master'!G13 -> 0 | C13: =if(B13=0,"-",'Production Summary'!E13) -> -
... A17: Wheatgrass | B17: ='Production Summary'!B17*'Info Master'!G17 -> 0 | C17: =if(B17=0,"-",'Production Summary'!E17) -> -

Sheet Soil Usage
A1: Sowing Date | B1: Microgreen | C1: Trays Sowed | D1: Soil per Tray(cu in) | E1: Total Soil Used
A2: =if(C2=0,"-",'Production Summary'!E2) -> - | B2: Arugula | C2: ='Production Summary'!B2 -> 0 | D2: 115.5 | E2: =C2*D2 -> 0
A3: =if(C3=0,"-",'Production Summary'!E3) -> - | B3: Amaranth | C3: ='Production Summary'!B3 -> 0 | D3: 115.5 | E3: =C3*D3 -> 0
A4: =if(C4=0,"-",'Production Summary'!E4) -> - | B4: Basil | C4: ='Production Summary'!B4 -> 0 | D4: 115.5 | E4: =C4*D4 -> 0
A5: =if(C5=0,"-",'Production Summary'!E5) -> - | B5: Beet | C5: ='Production Summary'!B5 -> 0 | D5: 115.5 | E5: =C5*D5 -> 0
A6: =if(C6=0,"-",'Production Summary'!E6) -> 46007 | B6: Broccoli | C6: ='Production Summary'!B6 -> 3 | D6: 115.5 | E6: =C6*D6 -> 346.5
A7: =if(C7=0,"-",'Production Summary'!E7) -> - | B7: Cabbage | C7: ='Production Summary'!B7 -> 0 | D7: 115.5 | E7: =C7*D7 -> 0
A8: =if(C8=0,"-",'Production Summary'!E8) -> - | B8: Cantaloupe | C8: ='Production Summary'!B8 -> 0 | D8: 115.5 | E8: =C8*D8 -> 0
A9: =if(C9=0,"-",'Production Summary'!E9) -> - | B9: Cilantro | C9: ='Production Summary'!B9 -> 0 | D9: 115.5 | E9: =C9*D9 -> 0
A10: =if(C10=0,"-",'Production Summary'!E10) -> - | B10: Kale | C10: ='Production Summary'!B10 -> 0 | D10: 115.5 | E10: =C10*D10 -> 0
A11: =if(C11=0,"-",'Production Summary'!E11) -> - | B11: Mustard | C11: ='Production Summary'!B11 -> 0 | D11: 115.5 | E11: =C11*D11 -> 0
A12: =if(C12=0,"-",'Production Summary'!E12) -> - | B12: Pea | C12: ='Production Summary'!B12 -> 0 | D12: 115.5 | E12: =C12*D12 -> 0
A13: =if(C13=0,"-",'Production Summary'!E13) -> - | B13: Popcorn | C13: ='Production Summary'!B13 -> 0 | D13: 115.5 | E13: =C13*D13 -> 0
... A17: =if(C17=0,"-",'Production Summary'!E17) -> - | B17: Wheatgrass | C17: ='Production Summary'!B17 -> 0 | D17: 115.5 | E17: =C17*D17 -> 0

Sheet Container Usage
A1: Date | B1: Channel | C1: Containers Used
A2: ='Production Summary'!H1 -> 46015 | B2: Farmers Markets | C2: =sum('Farmers Market 1'!G2:G20,'Farmers Market 2'!G2:G20) -> 0
A3: ='Production Summary'!H1 -> 46015 | B3: Subscriptions | C3: =sum(Subscriptions!D2:D21) -> 3
A4: ='Production Summary'!H1 -> 46015 | B4: One-Time Orders | C4: =sum('One-Time Orders'!D2:D14) -> 0
